<?xml version="1.0" encoding="UTF-8"?>
<project-private xmlns="http://www.netbeans.org/ns/project-private/1">
    <editor-bookmarks xmlns="http://www.netbeans.org/ns/editor-bookmarks/2" lastBookmarkId="0"/>
    <open-files xmlns="http://www.netbeans.org/ns/projectui-open-files/2">
        <group>
            <file>file:/C:/Users/conta/Documents/NetBeansProjects/A3_FINAL/src/SERVICES/doacaoService.java</file>
            <file>file:/C:/Users/conta/Documents/NetBeansProjects/A3_FINAL/src/VIEW/Registro.java</file>
            <file>file:/C:/Users/conta/Documents/NetBeansProjects/A3_FINAL/src/MODELS/doacao.java</file>
            <file>file:/C:/Users/conta/Documents/NetBeansProjects/A3_FINAL/src/REPOSITORY/doacaoRepository.java</file>
            <file>file:/C:/Users/conta/Documents/NetBeansProjects/A3_FINAL/src/REPOSITORY/Conexao.java</file>
            <file>file:/C:/Users/conta/Documents/NetBeansProjects/A3_FINAL/src/VIEW/Menu.java</file>
            <file>file:/C:/Users/conta/Documents/NetBeansProjects/A3_FINAL/src/MODELS/login.java</file>
        </group>
    </open-files>
</project-private>
